Exercise,Set,Weight (kg),Reps,Date,Time,Workout Name
Tricep Extensions Single,1,2.0,0,2026-09-26,19:30:41,Anterior
Tricep Extensions Single,2,2.0,0,2026-09-26,19:30:41,Anterior
Cuff Shoulder Fly,1,2.0,0,2026-09-26,19:30:41,Anterior
Cuff Shoulder Fly,2,2.0,0,2026-09-26,19:30:41,Anterior
Low Fly,1,0.0,0,2026-09-26,19:30:41,Anterior
Low Fly,2,2.0,0,2026-09-26,19:30:41,Anterior
Incline Chest Press,1,0.0,0,2026-09-26,19:30:41,Anterior
Incline Chest Press,2,0.0,0,2026-09-26,19:30:41,Anterior
Overhead Tricep Extension,1,0.0,0,2026-09-26,19:30:41,Anterior
Overhead Tricep Extension,2,0.0,0,2026-09-26,19:30:41,Anterior
Abductors,1,0.0,0,2026-09-26,19:30:41,Anterior
Abductors,2,0.0,0,2026-09-26,19:30:41,Anterior
Quad extension,1,0.0,0,2026-09-26,19:30:41,Anterior
Quad extension,2,0.0,0,2026-09-26,19:30:41,Anterior
Sissy Squat Hack,1,0.0,0,2026-09-26,19:30:41,Anterior
Sissy Squat Hack,2,0.0,0,2026-09-26,19:30:41,Anterior
Tricep Extensions Single,1,1.0,1,2026-09-26,19:31:04,Anterior
Tricep Extensions Single,2,1.0,1,2026-09-26,19:31:04,Anterior
Cuff Shoulder Fly,1,0.0,0,2026-09-26,19:31:04,Anterior
Cuff Shoulder Fly,2,0.0,0,2026-09-26,19:31:04,Anterior
Low Fly,1,0.0,0,2026-09-26,19:31:04,Anterior
Low Fly,2,0.0,0,2026-09-26,19:31:04,Anterior
Incline Chest Press,1,0.0,0,2026-09-26,19:31:04,Anterior
Incline Chest Press,2,0.0,0,2026-09-26,19:31:04,Anterior
Overhead Tricep Extension,1,0.0,0,2026-09-26,19:31:04,Anterior
Overhead Tricep Extension,2,0.0,0,2026-09-26,19:31:04,Anterior
Abductors,1,0.0,0,2026-09-26,19:31:04,Anterior
Abductors,2,0.0,0,2026-09-26,19:31:04,Anterior
Quad extension,1,0.0,0,2026-09-26,19:31:04,Anterior
Quad extension,2,0.0,0,2026-09-26,19:31:04,Anterior
Sissy Squat Hack,1,0.0,0,2026-09-26,19:31:04,Anterior
Sissy Squat Hack,2,0.0,0,2026-09-26,19:31:04,Anterior
Tricep Extensions Single,1,1.0,1,2026-09-26,19:34:15,Anterior
Tricep Extensions Single,2,1.0,1,2026-09-26,19:34:15,Anterior
Cuff Shoulder Fly,1,0.0,0,2026-09-26,19:34:15,Anterior
Cuff Shoulder Fly,2,0.0,0,2026-09-26,19:34:15,Anterior
Low Fly,1,0.0,0,2026-09-26,19:34:15,Anterior
Low Fly,2,0.0,0,2026-09-26,19:34:15,Anterior
Incline Chest Press,1,0.0,0,2026-09-26,19:34:15,Anterior
Incline Chest Press,2,0.0,0,2026-09-26,19:34:15,Anterior
Overhead Tricep Extension,1,0.0,0,2026-09-26,19:34:15,Anterior
Overhead Tricep Extension,2,0.0,0,2026-09-26,19:34:15,Anterior
Abductors,1,0.0,0,2026-09-26,19:34:15,Anterior
Abductors,2,0.0,0,2026-09-26,19:34:15,Anterior
Quad extension,1,0.0,0,2026-09-26,19:34:15,Anterior
Quad extension,2,0.0,0,2026-09-26,19:34:15,Anterior
Sissy Squat Hack,1,0.0,0,2026-09-26,19:34:15,Anterior
Sissy Squat Hack,2,0.0,0,2026-09-26,19:34:15,Anterior
